mean_fit_time,std_fit_time,mean_score_time,std_score_time,param_model__auto_class_weights,param_model__depth,param_model__iterations,param_model__l2_leaf_reg,param_model__learning_rate,param_model__loss_function,params,split0_test_score,split1_test_score,split2_test_score,split3_test_score,split4_test_score,mean_test_score,std_test_score,rank_test_score,split0_train_score,split1_train_score,split2_train_score,split3_train_score,split4_train_score,mean_train_score,std_train_score
6.223987817764282,0.14637074158068047,0.02204470634460449,0.004877076219363394,SqrtBalanced,7,570,5.395030966670228,0.10118287286592736,MultiClass,"{'model__auto_class_weights': 'SqrtBalanced', 'model__depth': 7, 'model__iterations': 570, 'model__l2_leaf_reg': np.float64(5.395030966670228), 'model__learning_rate': np.float64(0.10118287286592736), 'model__loss_function': 'MultiClass'}",0.8139434186372961,0.7316553640911618,0.7907606844341537,0.7883396758883141,0.735970902659579,0.772134009142101,0.03256960044301417,4,0.9930366194536443,0.9965275383075213,0.9985239424692385,1.0,0.9985239424692385,0.9973224085399284,0.002410670876419835
3.632544755935669,0.3514275285491992,0.02183976173400879,0.00782577234235653,Balanced,6,514,1.1430983876313219,0.20880081501089318,MultiClassOneVsAll,"{'model__auto_class_weights': 'Balanced', 'model__depth': 6, 'model__iterations': 514, 'model__l2_leaf_reg': np.float64(1.1430983876313219), 'model__learning_rate': np.float64(0.20880081501089318), 'model__loss_function': 'MultiClassOneVsAll'}",0.7606609071727743,0.7457421331105542,0.7745282711090168,0.7670625638169498,0.7229928070479109,0.7541973364514412,0.018252955073182253,11,0.9537702005033069,0.9822297668102603,0.9911951627121958,0.9914200577974788,0.9784180925110846,0.9794066560668652,0.013780172539585302
11.768692970275879,0.19561938467109002,0.021720123291015626,0.00657353117119725,SqrtBalanced,8,643,6.798962421591129,0.035543498097189236,MultiClassOneVsAll,"{'model__auto_class_weights': 'SqrtBalanced', 'model__depth': 8, 'model__iterations': 643, 'model__l2_leaf_reg': np.float64(6.798962421591129), 'model__learning_rate': np.float64(0.035543498097189236), 'model__loss_function': 'MultiClassOneVsAll'}",0.7709368742610707,0.718808630732082,0.7754508649245493,0.7919954739978938,0.731004198074923,0.7576392083981038,0.027898650678394456,9,0.9259904681566097,0.9585450567638876,0.9763778597109735,0.9719788934850984,0.9654966180112723,0.9596777792255683,0.017889588996346534
2.5478654861450196,0.03866535610098497,0.018344640731811523,0.003988749931041826,None,4,759,4.089339433965304,0.020386403485316923,MultiClass,"{'model__auto_class_weights': 'None', 'model__depth': 4, 'model__iterations': 759, 'model__l2_leaf_reg': np.float64(4.089339433965304), 'model__learning_rate': np.float64(0.020386403485316923), 'model__loss_function': 'MultiClass'}",0.7588396897220427,0.7378356684589574,0.7493832709873234,0.7698434950112933,0.7424399248895709,0.7516684098138374,0.011519483532706444,12,0.7603889492698738,0.7832880817197714,0.8098956716259341,0.7976478220704325,0.7975965315313371,0.7897634112434698,0.016932917789433618
2.2366125106811525,0.07541099449551883,0.015648603439331055,0.0022330051146389,None,6,358,2.5110824439271764,0.02269410575055079,MultiClassOneVsAll,"{'model__auto_class_weights': 'None', 'model__depth': 6, 'model__iterations': 358, 'model__l2_leaf_reg': np.float64(2.5110824439271764), 'model__learning_rate': np.float64(0.02269410575055079), 'model__loss_function': 'MultiClassOneVsAll'}",0.7491091958305391,0.7235405530535797,0.7539003223643814,0.7772929815282756,0.7476100692141217,0.7502906243981794,0.017124863073816696,15,0.754287892099233,0.7774673976443373,0.7798671112169564,0.7791098248764172,0.770474696499754,0.7722413844673396,0.009571702778769299
5.694579839706421,0.15665946114497653,0.01733536720275879,0.0034335502678131576,SqrtBalanced,6,866,9.621236402909387,0.0707922563040456,MultiClass,"{'model__auto_class_weights': 'SqrtBalanced', 'model__depth': 6, 'model__iterations': 866, 'model__l2_leaf_reg': np.float64(9.621236402909387), 'model__learning_rate': np.float64(0.0707922563040456), 'model__loss_function': 'MultiClass'}",0.7866991864279788,0.7367780856041068,0.7994918450031866,0.8052456685368078,0.7359057791515032,0.7728241129447166,0.03038789996504016,3,0.9801147629716415,0.9825840324558683,0.9911951627121958,0.9916808407652391,0.9820706859498805,0.9855290969709649,0.004896882215030505
8.636798429489136,0.11027045138606326,0.01672825813293457,0.002306520041530326,SqrtBalanced,8,466,1.0310149462998892,0.25653418421266855,MultiClassOneVsAll,"{'model__auto_class_weights': 'SqrtBalanced', 'model__depth': 8, 'model__iterations': 466, 'model__l2_leaf_reg': np.float64(1.0310149462998892), 'model__learning_rate': np.float64(0.25653418421266855), 'model__loss_function': 'MultiClassOneVsAll'}",0.8062069249115881,0.7422620127765948,0.7813344173266352,0.8122018189064821,0.7410760077646842,0.7766162363371969,0.030356298497640977,1,1.0,1.0,1.0,1.0,1.0,1.0,0.0
2.9382752895355226,0.03630877321830474,0.0177670955657959,0.004016102725303359,Balanced,5,645,1.252195428706039,0.12757056450498117,MultiClass,"{'model__auto_class_weights': 'Balanced', 'model__depth': 5, 'model__iterations': 645, 'model__l2_leaf_reg': np.float64(1.252195428706039), 'model__learning_rate': np.float64(0.12757056450498117), 'model__loss_function': 'MultiClass'}",0.7619320826611391,0.7170407500232061,0.7751144651041452,0.7752928056275322,0.7235620704764473,0.7505884347784939,0.025283915716099555,14,0.9390197967644613,0.9770481416086346,0.9897609500229351,0.9846563327629623,0.9747800281257805,0.9730530498569548,0.017838136843607074
8.82416672706604,0.16173384808864594,0.021455955505371094,0.005541203694640486,SqrtBalanced,7,808,6.810749571374122,0.03198325416074072,MultiClass,"{'model__auto_class_weights': 'SqrtBalanced', 'model__depth': 7, 'model__iterations': 808, 'model__l2_leaf_reg': np.float64(6.810749571374122), 'model__learning_rate': np.float64(0.03198325416074072), 'model__loss_function': 'MultiClass'}",0.8011694211045283,0.7261932461166973,0.7900655772417045,0.7979721822690319,0.7309389901142579,0.7692678833692439,0.03346256830611574,5,0.9546102858190461,0.9760827298687487,0.9869528570138713,0.9795692450587206,0.9756099731901762,0.9745650181901124,0.010771142566770132
3.248768138885498,0.06854915283510371,0.01734766960144043,0.0028595106562588892,Balanced,7,301,2.6616802034147957,0.03512273829847295,MultiClassOneVsAll,"{'model__auto_class_weights': 'Balanced', 'model__depth': 7, 'model__iterations': 301, 'model__l2_leaf_reg': np.float64(2.6616802034147957), 'model__learning_rate': np.float64(0.03512273829847295), 'model__loss_function': 'MultiClassOneVsAll'}",0.5950790497529408,0.5846981233322648,0.6307145782762581,0.6044807827478194,0.5893985790449239,0.6008742226308413,0.016311926396569497,20,0.5969003099803734,0.6110110339984494,0.6306383931645826,0.618780169020676,0.6072596373934058,0.6129179087114973,0.0113189870551769
12.552624797821045,0.11449238117923419,0.02163534164428711,0.0034875723694027913,Balanced,8,701,5.958443469672519,0.2546633740246392,MultiClassOneVsAll,"{'model__auto_class_weights': 'Balanced', 'model__depth': 8, 'model__iterations': 701, 'model__l2_leaf_reg': np.float64(5.958443469672519), 'model__learning_rate': np.float64(0.2546633740246392), 'model__loss_function': 'MultiClassOneVsAll'}",0.7400649513804115,0.7320265433021698,0.7664865306251466,0.7781245131914584,0.7121762974403743,0.745775767187912,0.023773750365132622,17,0.9194224806097223,0.9471203960613656,0.9660439235743425,0.9707931465247036,0.9546743851691101,0.9516108663878488,0.01812133913967197
6.659662914276123,0.21719107002264368,0.01900935173034668,0.0037591319353981727,Balanced,7,595,6.990912214321946,0.15133753118542448,MultiClass,"{'model__auto_class_weights': 'Balanced', 'model__depth': 7, 'model__iterations': 595, 'model__l2_leaf_reg': np.float64(6.990912214321946), 'model__learning_rate': np.float64(0.15133753118542448), 'model__loss_function': 'MultiClass'}",0.7254628895007856,0.7164442024296418,0.7556707030889224,0.7443272909468226,0.6926695656520219,0.7269149303236387,0.021975324054374325,19,0.8654372063985539,0.9165979500710474,0.946010656010656,0.9425440970742421,0.9185056963254439,0.9178191211759886,0.028816365869267096
2.2884597778320312,0.0529545025532304,0.01628732681274414,0.005106520921653243,None,5,516,1.9095652801045373,0.08695411021388597,MultiClass,"{'model__auto_class_weights': 'None', 'model__depth': 5, 'model__iterations': 516, 'model__l2_leaf_reg': np.float64(1.9095652801045373), 'model__learning_rate': np.float64(0.08695411021388597), 'model__loss_function': 'MultiClass'}",0.7578289654588912,0.7478654337989376,0.7754443777744748,0.7690660340055357,0.7476100692141217,0.7595629760503921,0.011182471108955117,8,0.9759028340080972,0.9795108585178343,0.9922752931500703,0.9881866993172906,0.9795108585178343,0.9830773087022253,0.006125700145000367
6.818788051605225,0.1551154730428999,0.01684598922729492,0.0020664790539231476,None,8,364,1.0366601559510753,0.06294899142553985,MultiClass,"{'model__auto_class_weights': 'None', 'model__depth': 8, 'model__iterations': 364, 'model__l2_leaf_reg': np.float64(1.0366601559510753), 'model__learning_rate': np.float64(0.06294899142553985), 'model__loss_function': 'MultiClass'}",0.754274810157163,0.7443393490006229,0.7412766131719276,0.7707891760904685,0.7476100692141217,0.7516580035268607,0.010493533080665463,13,1.0,1.0,1.0,1.0,1.0,1.0,0.0
5.020371198654175,0.10885181472523973,0.01654200553894043,0.0027652703025164704,SqrtBalanced,6,798,5.0916359458185525,0.14401540623155276,MultiClass,"{'model__auto_class_weights': 'SqrtBalanced', 'model__depth': 6, 'model__iterations': 798, 'model__l2_leaf_reg': np.float64(5.0916359458185525), 'model__learning_rate': np.float64(0.14401540623155276), 'model__loss_function': 'MultiClass'}",0.8093805200419988,0.7348773973919794,0.7994918450031866,0.7931601887088269,0.7411410891079765,0.7756102080507936,0.031196315171723277,2,1.0,1.0,1.0,1.0,1.0,1.0,0.0
14.168429899215699,0.23792294413945841,0.018866968154907227,0.0028814425046542838,SqrtBalanced,8,789,2.2827887759905128,0.027371751200935983,MultiClass,"{'model__auto_class_weights': 'SqrtBalanced', 'model__depth': 8, 'model__iterations': 789, 'model__l2_leaf_reg': np.float64(2.2827887759905128), 'model__learning_rate': np.float64(0.027371751200935983), 'model__loss_function': 'MultiClass'}",0.800281079464753,0.7397206143397391,0.7870591970721589,0.7713455899720977,0.731004198074923,0.7658821357847343,0.026692696851147408,6,0.9877238196149735,0.9911940535646865,0.9965275383075213,0.9965275383075213,0.9872400703394157,0.9918426040268237,0.004061170705741747
3.5335350036621094,0.07769522767237783,0.01780867576599121,0.0035349786273495306,None,7,332,1.1575995526672769,0.04642731690563377,MultiClassOneVsAll,"{'model__auto_class_weights': 'None', 'model__depth': 7, 'model__iterations': 332, 'model__l2_leaf_reg': np.float64(1.1575995526672769), 'model__learning_rate': np.float64(0.04642731690563377), 'model__loss_function': 'MultiClassOneVsAll'}",0.7634045607058532,0.7290198842045628,0.7361707050358846,0.7698434950112933,0.7476100692141217,0.7492097428343429,0.015539951333234728,16,0.8809587030285607,0.8519199613648347,0.8870889030096472,0.8870889030096472,0.8916441856703866,0.8797401312166153,0.014318953690917943
5.211657476425171,0.06544412152898287,0.022591686248779295,0.006086353642630526,None,6,846,2.9662989987000667,0.027649274676728182,MultiClassOneVsAll,"{'model__auto_class_weights': 'None', 'model__depth': 6, 'model__iterations': 846, 'model__l2_leaf_reg': np.float64(2.9662989987000667), 'model__learning_rate': np.float64(0.027649274676728182), 'model__loss_function': 'MultiClassOneVsAll'}",0.7722038482026307,0.7385703366125547,0.7412766131719276,0.7759685540849836,0.7476100692141217,0.7551258842572436,0.015801580181998728,10,0.8546014288946333,0.8257279510627731,0.8566358442145596,0.8566142821210733,0.8322964642592913,0.845175194110466,0.013379910928438243
1.0690534114837646,0.026848996711208092,0.015927553176879883,0.003299748125607403,SqrtBalanced,4,304,3.6414738668149944,0.16134583428320007,MultiClass,"{'model__auto_class_weights': 'SqrtBalanced', 'model__depth': 4, 'model__iterations': 304, 'model__l2_leaf_reg': np.float64(3.6414738668149944), 'model__learning_rate': np.float64(0.16134583428320007), 'model__loss_function': 'MultiClass'}",0.7807997895290714,0.7236699698768664,0.7872404158544509,0.7994660894660894,0.7230572167152431,0.7628466962883442,0.032791357534888384,7,0.9456232513861114,0.9760827298687487,0.981925536022724,0.9755016273264449,0.9778878311827478,0.9714041951573554,0.013084883254176092
1.763276720046997,0.037029770239699014,0.01742582321166992,0.005161086862883775,SqrtBalanced,4,506,2.676338356766076,0.02142521597283019,MultiClass,"{'model__auto_class_weights': 'SqrtBalanced', 'model__depth': 4, 'model__iterations': 506, 'model__l2_leaf_reg': np.float64(2.676338356766076), 'model__learning_rate': np.float64(0.02142521597283019), 'model__loss_function': 'MultiClass'}",0.7149971417558219,0.7037008030922839,0.7626938638703344,0.7652380952380952,0.7196190463089689,0.7332497900531009,0.025621491474369405,18,0.8170406015435807,0.8206704331564387,0.8573915515533092,0.8486585947224912,0.8458857654777907,0.837929389290722,0.016071145270656752
