,fold_1,fold_2,fold_3,fold_4,fold_5,mean,std
Random Forest (initial),0.772,0.7779,0.7831,0.7995,0.7883,0.7842,0.0094
XGBoost (initial),0.7708,0.7153,0.7676,0.7911,0.7651,0.762,0.0251
CatBoost (initial),0.7636,0.7534,0.7413,0.7698,0.7476,0.7551,0.0104
"Baseline (Dummy, most frequent)",0.1969,0.1969,0.1969,0.1969,0.1969,0.1969,0.0
Baseline (Logistic Regression),0.7867,0.6784,0.7176,0.6818,0.6772,0.7084,0.0419
Random Forest,0.787,0.7801,0.798,0.8122,0.777,0.7909,0.0129
XGBoost,0.821,0.7978,0.7823,0.8295,0.7472,0.7956,0.0294
CatBoost,0.8062,0.7423,0.7813,0.8122,0.7411,0.7766,0.0304
Stacking,0.7778,0.8016,0.7778,0.7984,0.7848,0.7881,0.0101
