mean_fit_time,std_fit_time,mean_score_time,std_score_time,param_model__C,param_model__class_weight,params,split0_test_score,split1_test_score,split2_test_score,split3_test_score,split4_test_score,mean_test_score,std_test_score,rank_test_score,split0_train_score,split1_train_score,split2_train_score,split3_train_score,split4_train_score,mean_train_score,std_train_score
0.03186287879943848,0.002527922886300165,0.008011054992675782,0.00015909087070162917,0.01,,"{'model__C': 0.01, 'model__class_weight': None}",0.19687400318979267,0.19687400318979267,0.19687400318979267,0.22770605272200678,0.19687400318979267,0.2030404130962355,0.012332819812885643,10,0.2048897041231358,0.20473284137803777,0.20473284137803777,0.19687400318979267,0.2048897041231358,0.20322381883842797,0.003175682741879823
0.054767274856567384,0.0031020623739154156,0.009275293350219727,0.0015624217975057527,0.01,balanced,"{'model__C': 0.01, 'model__class_weight': 'balanced'}",0.3645534439970902,0.35465612886340836,0.34688016166624414,0.3768883719917465,0.3599006143704104,0.36057574417777993,0.010049781570827934,9,0.36479492918740364,0.36499669024346015,0.36428102909513643,0.36715622216204624,0.3660061438670116,0.3654470029110116,0.001021914442178771
0.04606075286865234,0.003042159320539465,0.010181236267089843,0.001313142970454436,0.1,,"{'model__C': 0.1, 'model__class_weight': None}",0.5214060487974266,0.45838437648680747,0.43037750308699224,0.4071283219814242,0.46970695970695964,0.457400642011922,0.03874702952514176,7,0.47211786211065226,0.4857022322080825,0.48161104164955476,0.4987286506273848,0.48319092985795775,0.4842701432907264,0.008567529096799767
0.08528552055358887,0.006953915754545259,0.009837675094604491,0.0008207370756577048,0.1,balanced,"{'model__C': 0.1, 'model__class_weight': 'balanced'}",0.443731027920425,0.43142648478305556,0.43197910420552316,0.4565253833098756,0.4375753638543946,0.4402474728146547,0.009278161907090755,8,0.44815727153039775,0.44622934347187115,0.4473438348623537,0.4533065497468165,0.4491638021566292,0.4488401603536136,0.002432080185315989
0.07197437286376954,0.004126636200818957,0.009852933883666991,0.0012364347551974898,1.0,,"{'model__C': 1.0, 'model__class_weight': None}",0.7567138099841935,0.5848498888498889,0.6143862775441724,0.601328640753179,0.6378787962494054,0.6390314826761678,0.06134328713275089,3,0.6462231115874996,0.6949812453095354,0.6674721768156952,0.6631794567879946,0.6753176114232685,0.6694347203847986,0.015931051601107128
0.13670806884765624,0.010968937815582882,0.010350179672241212,0.0016692035069553305,1.0,balanced,"{'model__C': 1.0, 'model__class_weight': 'balanced'}",0.5208281019889092,0.5043270875937731,0.5274656242096543,0.5004369075952444,0.47637881716809094,0.5058873077111343,0.017842327420647116,6,0.5145515119836752,0.5141630509477046,0.5091809519145434,0.5154381976723135,0.5220145126796735,0.515069645039582,0.004102050682607671
0.1009209156036377,0.01191273181229975,0.008467960357666015,0.00014378671676577666,10.0,,"{'model__C': 10.0, 'model__class_weight': None}",0.7867011697979439,0.6783923839434685,0.7176155849760338,0.6818489835430783,0.6772374911909795,0.7083591226903007,0.04193449008863448,1,0.6935219770137865,0.723735890906194,0.709976798820517,0.7189385738606286,0.7253860401032364,0.7143118561408726,0.011695027102475518
0.21044960021972656,0.015223252721639213,0.010378694534301758,0.0019920551321576958,10.0,balanced,"{'model__C': 10.0, 'model__class_weight': 'balanced'}",0.5574809274012924,0.518589054768006,0.5469253383767637,0.5397652470772965,0.5399085802274008,0.5405338295701518,0.012732716180211325,5,0.5493729384865873,0.5521102206457786,0.5519651613987844,0.5518341212303006,0.5740237875528778,0.5558612458628657,0.00913721456886272
0.11181836128234864,0.008594814647154874,0.009411334991455078,0.00042233330085844823,100.0,,"{'model__C': 100.0, 'model__class_weight': None}",0.7895723815672169,0.6783923839434685,0.7045885968472286,0.6847892014409898,0.6772374911909795,0.7069160109979766,0.04247705260904721,2,0.7008897500130622,0.7312475478361613,0.7206879470633628,0.7378509784936176,0.7307418752311448,0.7242836197274697,0.012918828003075372
0.2122943878173828,0.02510192862391895,0.009784317016601563,0.0008700422925331882,100.0,balanced,"{'model__C': 100.0, 'model__class_weight': 'balanced'}",0.5799633585860194,0.5484828634445551,0.5813610711831033,0.5662995558424069,0.5848722689844726,0.5721958236081115,0.013432044396941848,4,0.5712041452007979,0.576527253475472,0.5642124769449584,0.5764243559192497,0.6005062566882439,0.5777748976457443,0.012224641555542813
