mean_fit_time,std_fit_time,mean_score_time,std_score_time,param_model__class_weight,param_model__max_depth,param_model__max_features,param_model__min_samples_leaf,param_model__min_samples_split,param_model__n_estimators,params,split0_test_score,split1_test_score,split2_test_score,split3_test_score,split4_test_score,mean_test_score,std_test_score,rank_test_score,split0_train_score,split1_train_score,split2_train_score,split3_train_score,split4_train_score,mean_train_score,std_train_score
2.475710868835449,0.04777285069705251,0.05329313278198242,0.006783042456101474,balanced_subsample,16,sqrt,3,9,388,"{'model__class_weight': 'balanced_subsample', 'model__max_depth': 16, 'model__max_features': 'sqrt', 'model__min_samples_leaf': 3, 'model__min_samples_split': 9, 'model__n_estimators': 388}",0.760790921682996,0.752845799745662,0.7675569267406003,0.8102683234287772,0.7598956815728611,0.7702715306341793,0.020534404276630825,17,0.959008173531631,0.9592535824590616,0.9746717784064971,0.9637891973428271,0.9692411897095887,0.9651927842899213,0.0060288390398379665
4.979992246627807,0.09676457452257049,0.06297907829284669,0.0020328254864834983,,8,0.5,3,9,572,"{'model__class_weight': None, 'model__max_depth': 8, 'model__max_features': 0.5, 'model__min_samples_leaf': 3, 'model__min_samples_split': 9, 'model__n_estimators': 572}",0.7789184168012924,0.7700939829568586,0.7743763878376286,0.7995473650177821,0.7831365345928453,0.7812145374412813,0.01015367748194378,9,0.7938508417508416,0.7954496047186351,0.7925186445262702,0.7995634952711987,0.793120344434475,0.7949005861402842,0.002529387776889142
3.664000368118286,0.10446378154162574,0.07217373847961425,0.004108762460798236,balanced_subsample,24,log2,4,7,585,"{'model__class_weight': 'balanced_subsample', 'model__max_depth': 24, 'model__max_features': 'log2', 'model__min_samples_leaf': 4, 'model__min_samples_split': 7, 'model__n_estimators': 585}",0.7669709594790606,0.7474025669381053,0.7601495193331929,0.8133637083734296,0.7518595855330549,0.7679492679313686,0.02368674467998204,18,0.9570602805457554,0.964820285200032,0.9661760442796925,0.9637891973428271,0.9691689820788632,0.964202957889434,0.004003113702798277
6.90103669166565,0.1458354691367968,0.049345779418945315,0.002189152607899999,,,,2,7,452,"{'model__class_weight': None, 'model__max_depth': None, 'model__max_features': None, 'model__min_samples_leaf': 2, 'model__min_samples_split': 7, 'model__n_estimators': 452}",0.7854222640104993,0.7850081028489496,0.7671365345928453,0.7835473650177821,0.7883065530752363,0.7818841639090626,0.007533698133139046,7,0.8602341029768862,0.891121202666944,0.8497648881243569,0.8232215744595026,0.8418433194969058,0.8532370175449191,0.02248096772133444
5.199601745605468,0.2098104826419189,0.06687226295471191,0.003892985607661737,,,0.5,3,4,563,"{'model__class_weight': None, 'model__max_depth': None, 'model__max_features': 0.5, 'model__min_samples_leaf': 3, 'model__min_samples_split': 4, 'model__n_estimators': 563}",0.7796533348547954,0.7708288180342026,0.7743763878376286,0.7995473650177821,0.7883065530752363,0.7825424917639291,0.010340529487481147,6,0.8097810036683878,0.8251456330089285,0.7939735472799638,0.7995634952711987,0.8123892849618748,0.8081705928380707,0.010809079573994271
7.659669399261475,0.14540425489221107,0.055089569091796874,0.0019124314805845362,balanced_subsample,16,,1,4,506,"{'model__class_weight': 'balanced_subsample', 'model__max_depth': 16, 'model__max_features': None, 'model__min_samples_leaf': 1, 'model__min_samples_split': 4, 'model__n_estimators': 506}",0.812197007290911,0.7693785539181155,0.7745512181010072,0.812593005952381,0.7842222222222223,0.7905884014969274,0.018432100182829137,2,0.9268141893512194,0.905123120785327,0.9316467561931928,0.9285295362865142,0.9206987291359419,0.922562466350439,0.009421376589316788
1.9089543342590332,0.055151671217102,0.04475693702697754,0.005832632413891784,balanced_subsample,24,sqrt,2,5,288,"{'model__class_weight': 'balanced_subsample', 'model__max_depth': 24, 'model__max_features': 'sqrt', 'model__min_samples_leaf': 2, 'model__min_samples_split': 5, 'model__n_estimators': 288}",0.7812362225553302,0.7853578107406863,0.7743763878376286,0.7914828700711054,0.7663119349733896,0.7797530452356278,0.008726670520381369,11,0.9956348348110264,0.9956348348110264,0.9956348348110264,0.9942208844639964,0.9956348348110264,0.9953520447416204,0.0005655801388120274
2.106572961807251,0.036063840071882874,0.0717090129852295,0.0042422721118128125,balanced,8,log2,1,6,585,"{'model__class_weight': 'balanced', 'model__max_depth': 8, 'model__max_features': 'log2', 'model__min_samples_leaf': 1, 'model__min_samples_split': 6, 'model__n_estimators': 585}",0.7626898220378522,0.762770930974835,0.7649621960631359,0.7755089204576557,0.7550864632412763,0.764203666554951,0.006570418335947417,23,0.7830190311201496,0.7913826303524358,0.7899672865877315,0.7776979606239036,0.7882040414636217,0.7860541900295686,0.0050470827538666285
1.8924060821533204,0.08303725769232269,0.030329465866088867,0.0015556061350211652,balanced_subsample,16,0.5,4,9,234,"{'model__class_weight': 'balanced_subsample', 'model__max_depth': 16, 'model__max_features': 0.5, 'model__min_samples_leaf': 4, 'model__min_samples_split': 9, 'model__n_estimators': 234}",0.7556161236424395,0.7533685167792239,0.7674918450031866,0.8102683234287772,0.7445262521997217,0.7662542122106697,0.023195206585085202,20,0.9317733205386916,0.9483753416808047,0.9543739964495576,0.9516871475243942,0.9540846970291922,0.948058900644528,0.008422292880569383
3.607469654083252,0.08821319000486925,0.059329652786254884,0.0019189017968242702,balanced,,,2,9,587,"{'model__class_weight': 'balanced', 'model__max_depth': None, 'model__max_features': None, 'model__min_samples_leaf': 2, 'model__min_samples_split': 9, 'model__n_estimators': 587}",0.7626272577996717,0.7537074076816419,0.7411201066391347,0.7672069426874282,0.7704563691043653,0.7590236167824485,0.010577888558286635,26,0.805561235537293,0.7767441110067231,0.8028574636798407,0.8063413317408774,0.8103216973012912,0.8003651678532051,0.012049995832968115
2.4951385498046874,0.04450537964471932,0.050276756286621094,0.004299159965475331,balanced,8,,5,3,417,"{'model__class_weight': 'balanced', 'model__max_depth': 8, 'model__max_features': None, 'model__min_samples_leaf': 5, 'model__min_samples_split': 3, 'model__n_estimators': 417}",0.7445999904475331,0.7501376557549473,0.7255914806113833,0.7167221311913672,0.7789296992282067,0.7431961914466875,0.021623320127799595,29,0.7568220630893103,0.7402731254668977,0.7504014699395251,0.7369367320455256,0.7555643159578209,0.7479995412998159,0.008036357604819917
1.4532824993133544,0.036660478609473454,0.052225685119628905,0.0012897705137986887,balanced,8,log2,4,9,414,"{'model__class_weight': 'balanced', 'model__max_depth': 8, 'model__max_features': 'log2', 'model__min_samples_leaf': 4, 'model__min_samples_split': 9, 'model__n_estimators': 414}",0.7629569021960326,0.723232135088732,0.7589014157446791,0.7580204234199278,0.7394583460334273,0.7485138444965597,0.015020289464380677,28,0.765026938411698,0.7731954253470124,0.7705685002355874,0.759202670528048,0.7635030394657264,0.7662993147976145,0.0050116412940523014
8.40480146408081,0.15361926748503757,0.05694184303283691,0.0027653683135107454,,24,,5,3,566,"{'model__class_weight': None, 'model__max_depth': 24, 'model__max_features': None, 'model__min_samples_leaf': 5, 'model__min_samples_split': 3, 'model__n_estimators': 566}",0.7796533348547954,0.7788932295326157,0.7663119349733896,0.7853578107406863,0.7831365345928453,0.7786705689388664,0.0066093160344575,14,0.7868881147238811,0.7884863970797488,0.789088116784901,0.7898571674430872,0.7846513588236027,0.7877942309710441,0.001849736916297058
2.170838212966919,0.050994965295457426,0.04759936332702637,0.0057114587699350836,,8,sqrt,4,10,356,"{'model__class_weight': None, 'model__max_depth': 8, 'model__max_features': 'sqrt', 'model__min_samples_leaf': 4, 'model__min_samples_split': 10, 'model__n_estimators': 356}",0.764622968464105,0.7402912405745278,0.7588623644944239,0.7853574346765424,0.7795464061845748,0.7657360828788347,0.01594772400186302,21,0.7898368524230547,0.7900405089267075,0.7940336308508282,0.7925139152721242,0.7956096687442454,0.7924069152433921,0.002241445266651795
1.301133918762207,0.03418781087772435,0.031503915786743164,0.000464124714936052,balanced_subsample,24,sqrt,1,8,208,"{'model__class_weight': 'balanced_subsample', 'model__max_depth': 24, 'model__max_features': 'sqrt', 'model__min_samples_leaf': 1, 'model__min_samples_split': 8, 'model__n_estimators': 208}",0.7812362225553302,0.7795888817065288,0.7648257689654844,0.8359269800201237,0.7659778866393412,0.7855111479773615,0.026094204525430476,3,0.9950326288287767,0.9956348348110264,0.9956348348110264,0.9942208844639964,0.9970690396172841,0.9955184445064221,0.0009328577104989605
4.138383150100708,0.17703725734098016,0.03311290740966797,0.0009636016398449967,,16,,3,4,280,"{'model__class_weight': None, 'model__max_depth': 16, 'model__max_features': None, 'model__min_samples_leaf': 3, 'model__min_samples_split': 4, 'model__n_estimators': 280}",0.7796533348547954,0.7850081028489496,0.7663119349733896,0.7774222640104993,0.7883065530752363,0.779340437952574,0.007563502249520847,12,0.8368078240704522,0.8236695755525103,0.7945962027927513,0.809904946378689,0.8177843444097416,0.8165525786408289,0.01406212867555484
2.6490951061248778,0.032913986174072096,0.05656852722167969,0.004171675894769147,balanced_subsample,12,sqrt,3,6,430,"{'model__class_weight': 'balanced_subsample', 'model__max_depth': 12, 'model__max_features': 'sqrt', 'model__min_samples_leaf': 3, 'model__min_samples_split': 6, 'model__n_estimators': 430}",0.7795291854115384,0.7801925895879336,0.7656885456885456,0.8098278220056366,0.7781492415692675,0.7826774768525843,0.014576394221639173,5,0.9132980183704709,0.9000958990274472,0.9254077853349599,0.9209942359465891,0.8934786287514294,0.9106549134861794,0.012149505041648087
2.870060110092163,0.06032132626017063,0.04967975616455078,0.0011874108876757164,balanced,,,1,9,467,"{'model__class_weight': 'balanced', 'model__max_depth': None, 'model__max_features': None, 'model__min_samples_leaf': 1, 'model__min_samples_split': 9, 'model__n_estimators': 467}",0.759070547895236,0.7468970357212238,0.7651520690945961,0.7745808917081672,0.7732195737570878,0.7637840236352621,0.0101475191946081,24,0.8114164133815631,0.7986554578604435,0.8193024073097874,0.8152940814411236,0.8139255512035806,0.8117187822392997,0.007012928541021286
2.267808961868286,0.0855322218299829,0.03973259925842285,0.0024730164699955795,balanced,,,5,4,371,"{'model__class_weight': 'balanced', 'model__max_depth': None, 'model__max_features': None, 'model__min_samples_leaf': 5, 'model__min_samples_split': 4, 'model__n_estimators': 371}",0.7388716074014796,0.7477604196320773,0.7323360727399895,0.7141378703822268,0.7705039539219491,0.7407219848155444,0.01853088128847938,30,0.7667616942834673,0.7428564032025473,0.7622479976462475,0.7410563714165834,0.7680138386177523,0.7561872610333196,0.01179045966289557
1.2234856605529785,0.01970008282874131,0.03806920051574707,0.0026233593868295736,balanced,12,0.5,1,4,300,"{'model__class_weight': 'balanced', 'model__max_depth': 12, 'model__max_features': 0.5, 'model__min_samples_leaf': 1, 'model__min_samples_split': 4, 'model__n_estimators': 300}",0.7870275578781788,0.7800558202701503,0.7979691810677727,0.81224986659133,0.777011107330118,0.79086270662751,0.012894002885481507,1,0.8135698528570405,0.8078813559888335,0.8180266204704839,0.8180775338439854,0.8207669598975977,0.8156644646115883,0.004525534660163261
2.8002262115478516,0.06219164076503153,0.06356983184814453,0.008024094978305796,balanced_subsample,12,sqrt,5,8,454,"{'model__class_weight': 'balanced_subsample', 'model__max_depth': 12, 'model__max_features': 'sqrt', 'model__min_samples_leaf': 5, 'model__min_samples_split': 8, 'model__n_estimators': 454}",0.7552888057273023,0.7469458128078817,0.7594312928513188,0.8211179675940962,0.7514028314028314,0.7668373420766861,0.027453603114694972,19,0.9060988496598252,0.8945974948668661,0.9148284505897637,0.9212470489773296,0.8892922651762667,0.9052128218540103,0.011970723392276247
0.9664199829101563,0.009950824880066442,0.03829355239868164,0.0018441188284246738,balanced,12,sqrt,2,4,262,"{'model__class_weight': 'balanced', 'model__max_depth': 12, 'model__max_features': 'sqrt', 'model__min_samples_leaf': 2, 'model__min_samples_split': 4, 'model__n_estimators': 262}",0.7775630901489172,0.7794278611107459,0.7697206732121263,0.7950035186488388,0.7538622872148052,0.7751154860670867,0.013423290590805714,16,0.8160172357318931,0.8154092056858584,0.8153525301762301,0.8071677538726822,0.816085462667586,0.81400643762685,0.003432578418846128
6.0275451183319095,0.01489003008373219,0.04561371803283691,0.0011765011176431022,balanced_subsample,,,5,5,421,"{'model__class_weight': 'balanced_subsample', 'model__max_depth': None, 'model__max_features': None, 'model__min_samples_leaf': 5, 'model__min_samples_split': 5, 'model__n_estimators': 421}",0.7466376808557449,0.7520839912601185,0.7317567671998051,0.7789372931488441,0.7532061307174723,0.752524372636397,0.015259408085013594,27,0.9192722081286326,0.9408761286087091,0.9407767933892066,0.9391076666236552,0.9461374924722101,0.9372340578444828,0.009286821391992781
1.9801727771759032,0.08776198652484192,0.03335833549499512,0.003305352912848698,,24,0.5,3,5,212,"{'model__class_weight': None, 'model__max_depth': 24, 'model__max_features': 0.5, 'model__min_samples_leaf': 3, 'model__min_samples_split': 5, 'model__n_estimators': 212}",0.7789184168012924,0.7708288180342026,0.7743763878376286,0.7995473650177821,0.7831365345928453,0.7813615044567503,0.009995741804188824,8,0.795971775180725,0.7975271629975802,0.7939735472799638,0.7995634952711987,0.8123892849618748,0.7998850531382684,0.006515803937530407
2.925899028778076,0.023105972507150893,0.04938673973083496,0.010515331082854892,balanced_subsample,12,0.5,4,3,369,"{'model__class_weight': 'balanced_subsample', 'model__max_depth': 12, 'model__max_features': 0.5, 'model__min_samples_leaf': 4, 'model__min_samples_split': 3, 'model__n_estimators': 369}",0.7759429474350941,0.7684504588210024,0.777344079697021,0.8046168360995273,0.7638808862463022,0.7780470416597893,0.014167919437787571,15,0.8498050984987628,0.8544408432879378,0.8622062381645182,0.8500058430735107,0.8514007784282182,0.8535717602905895,0.00462441741869084
3.1734504222869875,0.08409708965735527,0.06796011924743653,0.008559359996527285,,,sqrt,4,5,485,"{'model__class_weight': None, 'model__max_depth': None, 'model__max_features': 'sqrt', 'model__min_samples_leaf': 4, 'model__min_samples_split': 5, 'model__n_estimators': 485}",0.764622968464105,0.7385306946688207,0.7508263528651878,0.7914825355756792,0.7795464061845748,0.7650017915516735,0.019050360405787007,22,0.7945337172523222,0.7935744398882176,0.7940336308508282,0.7960695578704129,0.7956096687442454,0.7947642029212053,0.0009403360324468279
3.423728275299072,0.11221957556995721,0.0564180850982666,0.003644135330477412,balanced,12,,2,8,547,"{'model__class_weight': 'balanced', 'model__max_depth': 12, 'model__max_features': None, 'model__min_samples_leaf': 2, 'model__min_samples_split': 8, 'model__n_estimators': 547}",0.761804533350108,0.7563290738264723,0.7494624079016095,0.7778261666483376,0.7705039539219491,0.7631852271296953,0.010051366005127913,25,0.7951569981088149,0.7800258046846058,0.7902388893718373,0.7908826329862613,0.7879734870755721,0.7888555624454183,0.004989456460488527
2.116063451766968,0.07694726408572959,0.04405245780944824,0.0038581567864958634,,,sqrt,1,10,315,"{'model__class_weight': None, 'model__max_depth': None, 'model__max_features': 'sqrt', 'model__min_samples_leaf': 1, 'model__min_samples_split': 10, 'model__n_estimators': 315}",0.764622968464105,0.762644538643022,0.7883065530752363,0.7995473650177821,0.7883065530752363,0.7806855956550763,0.014528675492831527,10,0.8118589869845764,0.811829007536711,0.813865342418293,0.8271819704991066,0.7995634952711987,0.8128597605419771,0.008774868233632209
4.831033039093017,0.12136879286167876,0.06255621910095215,0.0031906646473055925,,,0.5,3,10,517,"{'model__class_weight': None, 'model__max_depth': None, 'model__max_features': 0.5, 'model__min_samples_leaf': 3, 'model__min_samples_split': 10, 'model__n_estimators': 517}",0.7731717694070636,0.7643473358458192,0.7743763878376286,0.7995473650177821,0.7831365345928453,0.7789158785402278,0.011910637040893285,13,0.7938508417508416,0.7954496047186351,0.7925186445262702,0.7954496047186351,0.7909994058108404,0.7936536203050445,0.001721803759204331
4.817697668075562,0.21033652312936765,0.06047401428222656,0.0038848311401363097,,,0.5,2,9,514,"{'model__class_weight': None, 'model__max_depth': None, 'model__max_features': 0.5, 'model__min_samples_leaf': 2, 'model__min_samples_split': 9, 'model__n_estimators': 514}",0.7731717694070636,0.7788932295326157,0.7831365345928453,0.7995473650177821,0.7831365345928453,0.7835770866286305,0.00878233576899446,4,0.795971775180725,0.7975271629975802,0.7939735472799638,0.7995634952711987,0.7951983303396093,0.7964468622138154,0.0019381577691049757
