mean_fit_time,std_fit_time,mean_score_time,std_score_time,param_model__class_weight,param_model__colsample_bytree,param_model__learning_rate,param_model__max_depth,param_model__min_child_weight,param_model__n_estimators,param_model__subsample,params,split0_test_score,split1_test_score,split2_test_score,split3_test_score,split4_test_score,mean_test_score,std_test_score,rank_test_score,split0_train_score,split1_train_score,split2_train_score,split3_train_score,split4_train_score,mean_train_score,std_train_score
0.7816846370697021,0.03137236518596045,0.03167276382446289,0.0009220748884286647,,0.9186171947440931,0.032867452853300214,7,1,271,0.662397808134481,"{'model__class_weight': None, 'model__colsample_bytree': np.float64(0.9186171947440931), 'model__learning_rate': np.float64(0.032867452853300214), 'model__max_depth': 7, 'model__min_child_weight': 1, 'model__n_estimators': 271, 'model__subsample': np.float64(0.662397808134481)}",0.7840979201910638,0.7263174187338883,0.762523466663182,0.817353169469599,0.7720740855353265,0.772473212118612,0.029593439844758755,14,1.0,0.9980420489110216,1.0,1.0,1.0,0.9996084097822043,0.0007831804355913797
1.0078101634979248,0.042032297708862645,0.04001550674438477,0.002101004135828836,,0.7836995567863468,0.049374393769437024,5,2,458,0.9879639408647978,"{'model__class_weight': None, 'model__colsample_bytree': np.float64(0.7836995567863468), 'model__learning_rate': np.float64(0.049374393769437024), 'model__max_depth': 5, 'model__min_child_weight': 2, 'model__n_estimators': 458, 'model__subsample': np.float64(0.9879639408647978)}",0.7840330488017321,0.7249109718228359,0.7572884093272443,0.7833945395326469,0.7651308234001354,0.7629515585769189,0.021662185465201173,19,1.0,1.0,1.0,1.0,1.0,1.0,0.0
0.856639814376831,0.024426170757705437,0.03552403450012207,0.004995471753217613,balanced,0.9754210836063001,0.020042223247282085,6,1,310,0.7216968971838151,"{'model__class_weight': 'balanced', 'model__colsample_bytree': np.float64(0.9754210836063001), 'model__learning_rate': np.float64(0.020042223247282085), 'model__max_depth': 6, 'model__min_child_weight': 1, 'model__n_estimators': 310, 'model__subsample': np.float64(0.7216968971838151)}",0.7695066571687914,0.7763290043290043,0.7614883974412463,0.8064985950569474,0.7745387199045736,0.7776722747801126,0.015304740958665606,10,0.8597948857032474,0.8599138604240191,0.8556437229046715,0.8513398115853352,0.8597252505810367,0.8572835062396619,0.0033824340615451302
1.6000201225280761,0.10044667286850556,0.0580324649810791,0.004851841472878661,balanced,0.6028265220878869,0.021288914225337758,5,3,660,0.6557975442608167,"{'model__class_weight': 'balanced', 'model__colsample_bytree': np.float64(0.6028265220878869), 'model__learning_rate': np.float64(0.021288914225337758), 'model__max_depth': 5, 'model__min_child_weight': 3, 'model__n_estimators': 660, 'model__subsample': np.float64(0.6557975442608167)}",0.7625520921853225,0.7406254518484843,0.7668408586216806,0.8000155906344831,0.72686591878937,0.7593799824158681,0.025003505193294803,21,0.8831509021053273,0.8773502876462278,0.8929503710101979,0.8853530868007228,0.8929433223543999,0.8863495939833751,0.005987648654259451
0.9889288902282715,0.02710177748802194,0.039613962173461914,0.006203385218363017,balanced,0.9895022075365837,0.03756560040604225,8,3,393,0.836965827544817,"{'model__class_weight': 'balanced', 'model__colsample_bytree': np.float64(0.9895022075365837), 'model__learning_rate': np.float64(0.03756560040604225), 'model__max_depth': 8, 'model__min_child_weight': 3, 'model__n_estimators': 393, 'model__subsample': np.float64(0.836965827544817)}",0.7983715958732224,0.765526512630835,0.7696806542267526,0.8280806540770899,0.7418764843910663,0.7807071802397931,0.029719143622082497,8,0.9215233322123396,0.9394114564496963,0.9337112100673199,0.9278243551894901,0.9354716431994653,0.9315883994236623,0.006265137435826381
0.7421876907348632,0.02247734165306158,0.029129505157470703,0.0012842540641664524,,0.9439761626945282,0.12622161866599427,3,3,423,0.9795542149013333,"{'model__class_weight': None, 'model__colsample_bytree': np.float64(0.9439761626945282), 'model__learning_rate': np.float64(0.12622161866599427), 'model__max_depth': 3, 'model__min_child_weight': 3, 'model__n_estimators': 423, 'model__subsample': np.float64(0.9795542149013333)}",0.8191305285868392,0.7383738388349258,0.803311912495586,0.7890944372574386,0.7651308234001354,0.783008308114985,0.02851642487494551,7,1.0,1.0,1.0,1.0,1.0,1.0,0.0
1.1707993030548096,0.06482792828561619,0.043952226638793945,0.005591711959582026,balanced,0.8253152871382157,0.05679563707774164,4,1,489,0.6964101864104046,"{'model__class_weight': 'balanced', 'model__colsample_bytree': np.float64(0.8253152871382157), 'model__learning_rate': np.float64(0.05679563707774164), 'model__max_depth': 4, 'model__min_child_weight': 1, 'model__n_estimators': 489, 'model__subsample': np.float64(0.6964101864104046)}",0.8210245310245309,0.7978202018331635,0.7822898625915531,0.8295182400445558,0.7471769600613887,0.7955659591110383,0.02940655655643789,1,0.9883058246382598,0.9963474328474733,0.9898937623107873,1.0,0.9934164672126151,0.9935926974018271,0.004249854008445891
0.5750672817230225,0.01726150699149169,0.02621121406555176,0.0026474880041007145,balanced,0.6488152939379115,0.07645453149298413,5,2,230,0.7035119926400067,"{'model__class_weight': 'balanced', 'model__colsample_bytree': np.float64(0.6488152939379115), 'model__learning_rate': np.float64(0.07645453149298413), 'model__max_depth': 5, 'model__min_child_weight': 2, 'model__n_estimators': 230, 'model__subsample': np.float64(0.7035119926400067)}",0.7964012852018507,0.7752092352092352,0.7789186140256754,0.8486958136080943,0.7419416501049154,0.7882333196299542,0.03499067882321839,5,0.9304605932838415,0.9504346601532971,0.9422434824408038,0.9525229840666135,0.9576903940793284,0.9466704228047769,0.009510185036217231
1.2102846145629882,0.053308146392587984,0.048119974136352536,0.003285520404947549,balanced,0.902144564127061,0.06324877279506232,8,2,626,0.9878338511058234,"{'model__class_weight': 'balanced', 'model__colsample_bytree': np.float64(0.902144564127061), 'model__learning_rate': np.float64(0.06324877279506232), 'model__max_depth': 8, 'model__min_child_weight': 2, 'model__n_estimators': 626, 'model__subsample': np.float64(0.9878338511058234)}",0.7894801187769684,0.8087630062743478,0.7822898625915531,0.8435359434710505,0.7419416501049154,0.7932021162437671,0.03327522019634226,2,0.9985239424692385,1.0,0.9970690396172841,1.0,0.9985239424692385,0.9988233849111522,0.0010978073689645444
1.012623119354248,0.026421464863033355,0.03659043312072754,0.0008537920596570275,balanced,0.7799016533479063,0.05831264409134096,6,2,420,0.6353970008207678,"{'model__class_weight': 'balanced', 'model__colsample_bytree': np.float64(0.7799016533479063), 'model__learning_rate': np.float64(0.05831264409134096), 'model__max_depth': 6, 'model__min_child_weight': 2, 'model__n_estimators': 420, 'model__subsample': np.float64(0.6353970008207678)}",0.7944273695261135,0.7771793326223706,0.7810547661176672,0.8446746495869304,0.7471118787180963,0.7888895993142356,0.03189523985885162,4,0.9635085061743608,0.9689447677181864,0.9562125235422488,0.973045138992428,0.9676768552862324,0.9658775583426913,0.005710424871840549
0.8499162197113037,0.03663233210060876,0.03090386390686035,0.0011452505217804624,,0.8083337040103294,0.27005735635621597,7,5,487,0.815876852955632,"{'model__class_weight': None, 'model__colsample_bytree': np.float64(0.8083337040103294), 'model__learning_rate': np.float64(0.27005735635621597), 'model__max_depth': 7, 'model__min_child_weight': 5, 'model__n_estimators': 487, 'model__subsample': np.float64(0.815876852955632)}",0.8191305285868392,0.7355825314385808,0.7084803341031098,0.7460003916385177,0.7307999986473371,0.747998756882877,0.03761751742878049,29,1.0,1.0,1.0,1.0,1.0,1.0,0.0
0.517278003692627,0.010771444004522478,0.025908231735229492,0.0009765301825719198,balanced,0.7427013306774357,0.04279909806035244,6,1,190,0.718509402281633,"{'model__class_weight': 'balanced', 'model__colsample_bytree': np.float64(0.7427013306774357), 'model__learning_rate': np.float64(0.04279909806035244), 'model__max_depth': 6, 'model__min_child_weight': 1, 'model__n_estimators': 190, 'model__subsample': np.float64(0.718509402281633)}",0.7746455180971636,0.781550642970669,0.764665275608998,0.824342707759838,0.7416807336041848,0.7773769756081708,0.02707939942467508,11,0.902658172033686,0.9004991950100042,0.9066958850870306,0.9019371210083218,0.9229288879598808,0.9069438522197846,0.008252888875345504
1.1731646537780762,0.04317375916292453,0.03397207260131836,0.001236960462463548,,0.6298202574719083,0.28953368345102004,3,5,621,0.6056319290860338,"{'model__class_weight': None, 'model__colsample_bytree': np.float64(0.6298202574719083), 'model__learning_rate': np.float64(0.28953368345102004), 'model__max_depth': 3, 'model__min_child_weight': 5, 'model__n_estimators': 621, 'model__subsample': np.float64(0.6056319290860338)}",0.7645030021708005,0.721167409194277,0.7107253211904374,0.7314224827450484,0.7124887306273313,0.7280613891855789,0.019646180367209186,30,1.0,0.9980420489110216,1.0,1.0,1.0,0.9996084097822043,0.0007831804355913797
1.1796495914459229,0.03906648241375997,0.03640561103820801,0.0009537702440653642,,0.8827429375390468,0.14401540623155276,3,3,639,0.7433862914177091,"{'model__class_weight': None, 'model__colsample_bytree': np.float64(0.8827429375390468), 'model__learning_rate': np.float64(0.14401540623155276), 'model__max_depth': 3, 'model__min_child_weight': 3, 'model__n_estimators': 639, 'model__subsample': np.float64(0.7433862914177091)}",0.8256081403768236,0.7332125485123451,0.8017973062971444,0.7658909717733247,0.7651308234001354,0.7783279580719547,0.03209507475101629,9,1.0,1.0,1.0,1.0,1.0,1.0,0.0
0.4409492492675781,0.01541085408788526,0.020579957962036134,0.0007691862933301638,,0.9659838702175123,0.19987245039640547,6,2,182,0.6254233401144095,"{'model__class_weight': None, 'model__colsample_bytree': np.float64(0.9659838702175123), 'model__learning_rate': np.float64(0.19987245039640547), 'model__max_depth': 6, 'model__min_child_weight': 2, 'model__n_estimators': 182, 'model__subsample': np.float64(0.6254233401144095)}",0.7563722150352163,0.7442081430599792,0.7420718549562836,0.7890944372574386,0.7651308234001354,0.7593754947418107,0.017057687698373434,22,1.0,1.0,1.0,1.0,1.0,1.0,0.0
1.2435173034667968,0.03046784289509999,0.04200167655944824,0.0014590402920144885,,0.8675365010654429,0.1213990975989205,6,5,696,0.7888859700647797,"{'model__class_weight': None, 'model__colsample_bytree': np.float64(0.8675365010654429), 'model__learning_rate': np.float64(0.1213990975989205), 'model__max_depth': 6, 'model__min_child_weight': 5, 'model__n_estimators': 696, 'model__subsample': np.float64(0.7888859700647797)}",0.8412825218803868,0.7249761370338387,0.7317974356751504,0.7460003916385177,0.7586618852007038,0.7605436742857195,0.04201239258040774,20,1.0,0.9980420489110216,1.0,1.0,1.0,0.9996084097822043,0.0007831804355913797
1.1058027744293213,0.03608490097677035,0.04510946273803711,0.00549629253634946,,0.9886848381556415,0.19926458730882204,7,2,652,0.9083868719818244,"{'model__class_weight': None, 'model__colsample_bytree': np.float64(0.9886848381556415), 'model__learning_rate': np.float64(0.19926458730882204), 'model__max_depth': 7, 'model__min_child_weight': 2, 'model__n_estimators': 652, 'model__subsample': np.float64(0.9083868719818244)}",0.7914825355756792,0.7236620140366863,0.7514045590780285,0.7984921816025019,0.7651308234001354,0.7660344227386062,0.02724475354679984,18,1.0,1.0,1.0,1.0,1.0,1.0,0.0
1.2998034954071045,0.038587686568242095,0.044973325729370114,0.0045042872279822095,,0.6161734358153725,0.13703591638774035,4,2,610,0.6806876809341584,"{'model__class_weight': None, 'model__colsample_bytree': np.float64(0.6161734358153725), 'model__learning_rate': np.float64(0.13703591638774035), 'model__max_depth': 4, 'model__min_child_weight': 2, 'model__n_estimators': 610, 'model__subsample': np.float64(0.6806876809341584)}",0.7545437405731523,0.7264584144852823,0.7496740626905515,0.7658260588425476,0.7476100692141217,0.7488224691611312,0.012839011452126688,28,1.0,1.0,1.0,1.0,1.0,1.0,0.0
1.544524621963501,0.04424249590522579,0.05478744506835938,0.00548125320415393,balanced,0.8545641645055122,0.046853422172711066,6,2,634,0.69971689165955,"{'model__class_weight': 'balanced', 'model__colsample_bytree': np.float64(0.8545641645055122), 'model__learning_rate': np.float64(0.046853422172711066), 'model__max_depth': 6, 'model__min_child_weight': 2, 'model__n_estimators': 634, 'model__subsample': np.float64(0.69971689165955)}",0.8065191587551453,0.7563492063492063,0.7822898625915531,0.8486958136080943,0.7419416501049154,0.7871591382817829,0.037892362796235056,6,0.9833802799155016,0.9931150508261932,0.972059879813275,0.9916804638000727,0.9833317246300279,0.9847134797970141,0.007522307141711987
0.9336386680603027,0.020355737927017278,0.03391847610473633,0.0016135453217869084,,0.8159364365206693,0.03466159369462051,7,5,392,0.6644885149016018,"{'model__class_weight': None, 'model__colsample_bytree': np.float64(0.8159364365206693), 'model__learning_rate': np.float64(0.03466159369462051), 'model__max_depth': 7, 'model__min_child_weight': 5, 'model__n_estimators': 392, 'model__subsample': np.float64(0.6644885149016018)}",0.7725913414717969,0.7260970766932997,0.7318625168013095,0.7548611698379141,0.7651308234001354,0.7501085856408911,0.01823842418432138,27,0.899098136841204,0.9076227118338395,0.9188802512857859,0.9115766429208373,0.9135726674591824,0.9101500820681696,0.006610569034426296
0.5556491374969482,0.025441194419642953,0.025206613540649413,0.0008221259145987712,balanced,0.8497416192535173,0.044537126109588494,7,2,177,0.6873761748867334,"{'model__class_weight': 'balanced', 'model__colsample_bytree': np.float64(0.8497416192535173), 'model__learning_rate': np.float64(0.044537126109588494), 'model__max_depth': 7, 'model__min_child_weight': 2, 'model__n_estimators': 177, 'model__subsample': np.float64(0.6873761748867334)}",0.7609872080846974,0.7751184085384346,0.7668408586216806,0.8200889037371122,0.7347370917779743,0.7715544941519799,0.027776599546528637,16,0.8812088361621072,0.8968122953963293,0.9049407989518181,0.8908852507167717,0.8999049469508666,0.8947504256355785,0.008160616739504292
1.0216980934143067,0.03668147856292091,0.03679218292236328,0.0014524830737046488,balanced,0.9570235993959911,0.08616793633808113,4,3,497,0.7425191352307899,"{'model__class_weight': 'balanced', 'model__colsample_bytree': np.float64(0.9570235993959911), 'model__learning_rate': np.float64(0.08616793633808113), 'model__max_depth': 4, 'model__min_child_weight': 3, 'model__n_estimators': 497, 'model__subsample': np.float64(0.7425191352307899)}",0.7751420828494,0.7647880827677224,0.7799365860888308,0.8237756855413105,0.7420067736129912,0.7771298421720509,0.026734295099618437,12,0.9583287176657626,0.9610825106091457,0.957360007484791,0.9780469199395612,0.9761427192138505,0.9661921749826222,0.009005532990168827
1.2045872688293457,0.02274736153198181,0.04605488777160645,0.001849696035157279,balanced,0.6440207698110707,0.03707682592531194,8,1,408,0.6027808522124762,"{'model__class_weight': 'balanced', 'model__colsample_bytree': np.float64(0.6440207698110707), 'model__learning_rate': np.float64(0.03707682592531194), 'model__max_depth': 8, 'model__min_child_weight': 1, 'model__n_estimators': 408, 'model__subsample': np.float64(0.6027808522124762)}",0.7912121212121213,0.7863452855214128,0.7810547661176672,0.8516182502736578,0.7471769600613887,0.7914814766372495,0.033806777534097956,3,0.9670546615640282,0.9830634596518518,0.9669174090318589,0.9761602166606499,0.9752696464414659,0.9736930786699709,0.00610499232212572
0.822707986831665,0.061020584682226556,0.03041667938232422,0.0007845110853947318,balanced,0.8136357677501768,0.07434200795973253,3,3,383,0.7350460685614512,"{'model__class_weight': 'balanced', 'model__colsample_bytree': np.float64(0.8136357677501768), 'model__learning_rate': np.float64(0.07434200795973253), 'model__max_depth': 3, 'model__min_child_weight': 3, 'model__n_estimators': 383, 'model__subsample': np.float64(0.7350460685614512)}",0.7831638462613357,0.758176939404862,0.7688902543741254,0.8168923722985675,0.7350633432266086,0.7724373511130997,0.02721787761611513,15,0.8982719074746119,0.9077361336692725,0.9105786797268671,0.8992038830829816,0.9076805543206602,0.9046942316548788,0.004983737460152438
0.5944398403167724,0.015540491355077832,0.024172639846801756,0.0006035960929707574,,0.6673164168691722,0.03616734942926766,3,5,262,0.6259568988435926,"{'model__class_weight': None, 'model__colsample_bytree': np.float64(0.6673164168691722), 'model__learning_rate': np.float64(0.03616734942926766), 'model__max_depth': 3, 'model__min_child_weight': 5, 'model__n_estimators': 262, 'model__subsample': np.float64(0.6259568988435926)}",0.7656481634611231,0.7260970766932997,0.7545533732289108,0.7435414302627735,0.7651308234001354,0.7509941734092485,0.014850326636489875,26,0.7997620826100786,0.8138226387728142,0.806937924725266,0.8196941163550011,0.8172811132318932,0.8114995751390108,0.007273935639949953
0.6745807647705078,0.022762310730362886,0.030146121978759766,0.004123651261635843,balanced,0.9849789179768444,0.03955022449372152,4,3,262,0.6592347719813599,"{'model__class_weight': 'balanced', 'model__colsample_bytree': np.float64(0.9849789179768444), 'model__learning_rate': np.float64(0.03955022449372152), 'model__max_depth': 4, 'model__min_child_weight': 3, 'model__n_estimators': 262, 'model__subsample': np.float64(0.6592347719813599)}",0.7663721303851521,0.7538764793952988,0.7621755738247886,0.8056227279248862,0.7767095311821889,0.7729512885424629,0.017915339978882693,13,0.8457902188006325,0.8510385747731168,0.8432094431287954,0.8488296189340575,0.8619034835203576,0.8501542678313919,0.0064475774809907675
0.7447867870330811,0.016151648952182476,0.033721637725830075,0.005053306083458792,balanced,0.6147547789418131,0.10421573137086292,4,5,374,0.8537405378805455,"{'model__class_weight': 'balanced', 'model__colsample_bytree': np.float64(0.6147547789418131), 'model__learning_rate': np.float64(0.10421573137086292), 'model__max_depth': 4, 'model__min_child_weight': 5, 'model__n_estimators': 374, 'model__subsample': np.float64(0.8537405378805455)}",0.7675619239631336,0.7288603423965989,0.7724863795934411,0.8000155906344831,0.7270616695762515,0.7591971812327817,0.027805500031822306,24,0.9120348685966828,0.916394233973812,0.9259408527686513,0.9268314871050023,0.9190313469227247,0.9200465578733746,0.005645091056813434
0.847406005859375,0.02335584027615199,0.034477853775024415,0.0004377537715642119,balanced,0.6579579488364892,0.07527852634643495,8,5,396,0.8688542189623514,"{'model__class_weight': 'balanced', 'model__colsample_bytree': np.float64(0.6579579488364892), 'model__learning_rate': np.float64(0.07527852634643495), 'model__max_depth': 8, 'model__min_child_weight': 5, 'model__n_estimators': 396, 'model__subsample': np.float64(0.8688542189623514)}",0.7908184523809524,0.7486941807841723,0.7748397413763268,0.8166707754407071,0.7220295034266389,0.7706105306817594,0.03282753439340262,17,0.9142785510887323,0.9344116086463503,0.9317939992067125,0.9287058478784458,0.9317192260478272,0.9281818465736136,0.007182573889347534
0.8882780551910401,0.06063969031030494,0.032889270782470705,0.002297085002511038,,0.7478617824245618,0.038532943205919934,8,5,347,0.7595297769778212,"{'model__class_weight': None, 'model__colsample_bytree': np.float64(0.7478617824245618), 'model__learning_rate': np.float64(0.038532943205919934), 'model__max_depth': 8, 'model__min_child_weight': 5, 'model__n_estimators': 347, 'model__subsample': np.float64(0.7595297769778212)}",0.7725913414717969,0.7260970766932997,0.7545533732289108,0.7435414302627735,0.7586618852007038,0.7510890213714969,0.015577311709059365,25,0.9158625368805009,0.9367890834652848,0.9406665377806119,0.9387089636761147,0.9344170444015745,0.9332888332408172,0.008955543033304697
0.8847902774810791,0.017025838259277306,0.034214115142822264,0.0008652000669105233,,0.6361159080217633,0.19205338201562322,6,3,475,0.8783251227163527,"{'model__class_weight': None, 'model__colsample_bytree': np.float64(0.6361159080217633), 'model__learning_rate': np.float64(0.19205338201562322), 'model__max_depth': 6, 'model__min_child_weight': 3, 'model__n_estimators': 475, 'model__subsample': np.float64(0.8783251227163527)}",0.7611124169947698,0.721167409194277,0.7965133456236659,0.7841191772138064,0.7331949050902196,0.7592214508233477,0.028773769712636767,23,1.0,1.0,1.0,1.0,1.0,1.0,0.0
