actual,predicted,confidence_in_prediction,probability_of_actual_class,Type,Air temperature [K],Process temperature [K],Rotational speed [rpm],Torque [Nm],Tool wear [min],Temp difference [K],Power [W],Strain [min*Nm]
TWF,No Failure,0.9965,0.0034,L,304.4,313.7,1509.0,35.0,205.0,9.300000000000011,5530.77386664483,7175.0
No Failure,HDF,0.9871,0.0122,L,302.2,310.8,1350.0,56.6,76.0,8.600000000000023,8001.636488693202,4301.6
No Failure,HDF,0.9961,0.0037,L,302.2,310.8,1340.0,47.8,54.0,8.600000000000023,6707.509754924447,2581.2
No Failure,OSF,0.783,0.2073,M,298.1,307.4,1363.0,60.1,187.0,9.299999999999955,8578.254876308585,11238.7
TWF,No Failure,0.9973,0.0026,L,298.0,308.5,1429.0,37.7,220.0,10.5,5641.598783487967,8294.0
TWF,No Failure,0.8268,0.1721,L,302.2,311.3,1530.0,37.3,207.0,9.100000000000023,5976.251704923863,7721.099999999999
TWF,No Failure,0.9947,0.0052,L,297.4,308.3,1475.0,40.5,222.0,10.900000000000034,6255.696371460676,8991.0
No Failure,TWF,0.9376,0.0622,M,297.9,307.4,1610.0,34.6,219.0,9.5,5833.5186786957665,7577.400000000001
No Failure,HDF,0.9997,0.0003,M,302.2,310.8,1356.0,48.3,36.0,8.600000000000023,6858.599417611093,1738.8
TWF,No Failure,0.9998,0.0002,L,298.8,308.9,1455.0,41.3,208.0,10.099999999999966,6292.767164773034,8590.4
TWF,No Failure,0.9881,0.0117,L,298.5,309.5,1385.0,46.3,203.0,11.0,6715.206656925742,9398.9
No Failure,TWF,0.5017,0.4981,M,300.5,309.8,1566.0,35.9,204.0,9.300000000000011,5887.2818009742,7323.599999999999
PWF,No Failure,0.9761,0.017,L,299.0,310.2,1377.0,62.5,92.0,11.199999999999989,9012.443924985719,5750.0
PWF,No Failure,0.9891,0.0065,L,302.1,311.2,1454.0,59.2,153.0,9.099999999999966,9013.941417483931,9057.6
No Failure,TWF,0.7691,0.2298,L,300.6,309.5,1867.0,23.0,242.0,8.899999999999977,4496.77100459331,5566.0
OSF,No Failure,0.9761,0.0167,L,301.2,311.6,1461.0,52.9,208.0,10.400000000000034,8093.465241957632,11003.199999999999
TWF,No Failure,0.9221,0.0777,L,299.2,310.7,1737.0,27.0,225.0,11.5,4911.251795356923,6075.0
TWF,No Failure,0.9995,0.0004,L,297.8,308.9,1871.0,25.6,200.0,11.099999999999966,5015.824942819416,5120.0
PWF,No Failure,0.968,0.0233,L,297.4,308.5,1399.0,61.5,61.0,11.100000000000023,9009.930650862847,3751.5
No Failure,PWF,0.7786,0.2191,L,300.7,311.1,2437.0,13.8,163.0,10.400000000000034,3521.78819652723,2249.4
No Failure,TWF,0.5582,0.4414,M,297.6,308.4,1398.0,41.9,215.0,10.799999999999955,6134.085319840215,9008.5
